id,email,hashed_password,role,is_active,last_login,created_at,updated_at
1_20,hassan.hassan@hms.doctor.com,ftV1Zuh091Yx,doctor,True,2026-03-17 16:53:40,2023-12-22 19:00:00,2023-12-22 19:00:00
1_21,hassan.yassin@hms.doctor.com,K30FPe30MhxV,doctor,True,2026-03-19 16:53:40,2023-07-13 16:00:00,2023-07-19 16:00:00
1_25,heba.fawzy@hms.doctor.com,y2WgJrPHqVC1,doctor,True,2026-03-22 16:53:40,2023-03-10 12:00:00,2023-03-28 12:00:00
1_29,youssef.zaki@hms.doctor.com,woQKaapodFg6,doctor,True,2026-03-18 16:53:40,2023-03-01 07:00:00,2023-03-22 07:00:00
1_30,tarek.hegazy@hms.doctor.com,unkwztUkhS72,doctor,True,2026-03-26 16:53:40,2023-11-22 12:00:00,2023-12-11 12:00:00
1_38,tamer.gad@hms.doctor.com,UJr1QSDxbnn7,doctor,True,2026-03-22 16:53:40,2023-01-10 02:00:00,2023-02-04 02:00:00
1_39,fawzy.el-ghandour@hms.doctor.com,K1k99NHOimO1,doctor,True,2026-03-21 16:53:40,2023-07-06 12:00:00,2023-07-06 12:00:00
1_44,tamer.bayoumi@hms.doctor.com,Vi9Q05kr2VuK,doctor,True,2026-03-20 16:53:40,2023-03-21 11:00:00,2023-03-28 11:00:00
1_62,medhat.gaber@hms.doctor.com,OqjJFL6uO4vC,doctor,True,2026-03-16 16:53:40,2023-06-09 11:00:00,2023-06-11 11:00:00
1_79,mohamed.osman@hms.doctor.com,j6O7iCVyef2K,doctor,True,2026-03-26 16:53:40,2023-12-05 21:00:00,2023-12-22 21:00:00
1_82,hamza.hanafy@hms.doctor.com,yzVpcG329erG,doctor,True,2026-03-20 16:53:40,2023-01-04 18:00:00,2023-01-04 18:00:00
1_95,hany.shaheen@hms.doctor.com,yg9vTROXywt0,doctor,True,2026-03-19 16:53:40,2024-01-13 08:00:00,2024-01-23 08:00:00
1_96,hany.nagi@hms.doctor.com,k2urCLvvRt39,doctor,True,2026-03-22 16:53:40,2023-05-25 12:00:00,2023-05-28 12:00:00
1_97,sarah.rizk@hms.doctor.com,MxIerb2us9XE,doctor,True,2026-03-20 16:53:40,2023-01-17 14:00:00,2023-02-15 14:00:00
1_124,wael.ibrahim.124@hms.doctor.com,IKJksI31htdh,doctor,True,2026-03-21 16:53:40,2024-01-22 01:00:00,2024-02-05 01:00:00
1_133,noor.shaban@hms.doctor.com,qXLtFYzLk62Q,doctor,True,2026-03-16 16:53:40,2023-04-02 09:00:00,2023-04-29 09:00:00
1_135,adel.ibrahim@hms.doctor.com,N3uMPRGs7Y9x,doctor,True,2026-03-19 16:53:40,2023-09-04 05:00:00,2023-09-06 05:00:00
1_147,bassem.rizk@hms.doctor.com,2yG9aGqRgJXq,doctor,True,2026-03-23 16:53:40,2023-10-01 02:00:00,2023-10-11 02:00:00
1_157,ibrahim.rizk@hms.doctor.com,LRWdf7rkN7gK,doctor,True,2026-03-21 16:53:40,2023-12-03 02:00:00,2023-12-20 02:00:00
1_163,nasser.hassan@hms.doctor.com,AE5vChAt9jfz,doctor,True,2026-03-25 16:53:40,2023-09-07 20:00:00,2023-09-23 20:00:00
1_167,kareem.bakr@hms.doctor.com,JmZvetoMuPYa,doctor,True,2026-03-18 16:53:40,2023-03-04 16:00:00,2023-03-09 16:00:00
1_184,youssef.metwally@hms.doctor.com,LBdM4GLmv1tR,doctor,True,2026-03-17 16:53:40,2023-01-27 13:00:00,2023-01-27 13:00:00
1_198,mohamed.nagi@hms.doctor.com,IHvKHtcRJ3yo,doctor,True,2026-03-19 16:53:40,2023-04-14 01:00:00,2023-04-20 01:00:00
1_206,mariam.hassan@hms.doctor.com,NEy6IaADWhw8,doctor,True,2026-03-17 16:53:40,2023-08-13 19:00:00,2023-08-24 19:00:00
1_218,heba.zaid@hms.doctor.com,C6XYd6gnaF1c,doctor,True,2026-03-16 16:53:40,2023-04-25 07:00:00,2023-05-25 07:00:00
1_219,kareem.zaid@hms.doctor.com,DLNNk6PhiPr7,doctor,True,2026-03-25 16:53:40,2023-12-31 05:00:00,2024-01-22 05:00:00
1_222,raafat.ebeid@hms.doctor.com,hesXWlXKyAQ9,doctor,True,2026-03-22 16:53:40,2023-09-07 23:00:00,2023-10-07 23:00:00
1_233,wael.rizk@hms.doctor.com,3MBfzBQfcIof,doctor,True,2026-03-26 16:53:40,2023-03-03 06:00:00,2023-03-08 06:00:00
1_235,osama.gad@hms.doctor.com,ELFL1FonV8HS,doctor,True,2026-03-22 16:53:40,2023-02-11 03:00:00,2023-02-24 03:00:00
1_236,amira.mahmoud@hms.doctor.com,47wBlfEZpEqt,doctor,True,2026-03-16 16:53:40,2023-08-27 13:00:00,2023-09-18 13:00:00
1_242,mona.abdel-rahman.242@hms.doctor.com,T7O3l3Xswt5p,doctor,True,2026-03-16 16:53:40,2023-11-08 07:00:00,2023-11-19 07:00:00
1_254,fatma.moussa@hms.doctor.com,rLGHbwBjA5cR,doctor,True,2026-03-22 16:53:40,2023-06-04 06:00:00,2023-06-08 06:00:00
1_265,mariam.shaban@hms.doctor.com,uzZbdlLdgpis,doctor,True,2026-03-19 16:53:40,2023-08-14 20:00:00,2023-08-18 20:00:00
1_268,hussein.mansour@hms.doctor.com,hY7h8ljTfRNl,doctor,True,2026-03-17 16:53:40,2024-01-18 03:00:00,2024-02-03 03:00:00
1_270,omar.mahmoud@hms.doctor.com,56sNeKFgsw0x,doctor,True,2026-03-22 16:53:40,2023-10-27 03:00:00,2023-11-15 03:00:00
1_275,walid.zaki@hms.doctor.com,yDexLCPikqTT,doctor,True,2026-03-26 16:53:40,2023-02-06 22:00:00,2023-02-17 22:00:00
1_295,mona.ibrahim@hms.doctor.com,yhLcn3h4vH3G,doctor,True,2026-03-17 16:53:40,2023-03-03 09:00:00,2023-03-12 09:00:00
1_303,nasser.farid@hms.doctor.com,sOfe1WeYHZ2r,doctor,True,2026-03-17 16:53:40,2023-07-01 01:00:00,2023-07-25 01:00:00
1_304,ziad.hawas@hms.doctor.com,N9wozxr8jb6v,doctor,True,2026-03-17 16:53:40,2023-06-24 00:00:00,2023-06-27 00:00:00
1_307,amr.khalil@hms.doctor.com,yd6XJ0H9iWeb,doctor,True,2026-03-19 16:53:40,2023-01-07 01:00:00,2023-01-21 01:00:00
1_339,sameh.kassab@hms.doctor.com,L2wKeM5VumhO,doctor,True,2026-03-21 16:53:40,2023-07-19 16:00:00,2023-07-21 16:00:00
1_348,zainab.mahmoud@hms.doctor.com,kOzyBYz6FlBK,doctor,True,2026-03-23 16:53:40,2023-01-10 21:00:00,2023-01-14 21:00:00
1_357,tarek.gad@hms.doctor.com,8m9qd3dCBumA,doctor,True,2026-03-24 16:53:40,2023-12-08 23:00:00,2023-12-15 23:00:00
1_366,hassan.gomaa@hms.doctor.com,9utIzJ6407EU,doctor,True,2026-03-21 16:53:40,2023-09-10 04:00:00,2023-10-01 04:00:00
1_389,sherif.moussa@hms.doctor.com,dWdEO0Ls0oBz,doctor,True,2026-03-26 16:53:40,2023-04-13 01:00:00,2023-04-21 01:00:00
1_392,mariam.el-ghandour@hms.doctor.com,RLM8XCMS0Nvf,doctor,True,2026-03-25 16:53:40,2023-11-16 08:00:00,2023-12-07 08:00:00
1_400,osama.kassab.400@hms.doctor.com,cAc4txVRmqa4,doctor,True,2026-03-26 16:53:40,2023-12-23 21:00:00,2023-12-24 21:00:00
1_411,sarah.hawas@hms.doctor.com,2djW4UBrIIof,doctor,True,2026-03-21 16:53:40,2023-08-18 04:00:00,2023-08-28 04:00:00
1_424,amr.gaber@hms.doctor.com,uIXVVJdNBSai,doctor,True,2026-03-18 16:53:40,2024-01-08 13:00:00,2024-01-08 13:00:00
1_428,medhat.salem@hms.doctor.com,gVhtoCKEpFol,doctor,True,2026-03-24 16:53:40,2023-07-03 09:00:00,2023-07-29 09:00:00
1_467,bassem.badawy@hms.doctor.com,KJZCRDUJticp,doctor,True,2026-03-24 16:53:40,2024-01-24 00:00:00,2024-01-26 00:00:00
1_469,ibrahim.rizk.469@hms.doctor.com,UdrdyLpB5YCt,doctor,True,2026-03-22 16:53:40,2023-04-23 18:00:00,2023-04-26 18:00:00
1_489,ramy.kamel@hms.doctor.com,CnYVHkq3aAt9,doctor,True,2026-03-23 16:53:40,2023-02-22 17:00:00,2023-03-08 17:00:00
1_490,nader.bayoumi@hms.doctor.com,WxFpVtoaIqpd,doctor,True,2026-03-26 16:53:40,2023-03-26 12:00:00,2023-04-12 12:00:00
1_491,ahmed.hawas.491@hms.doctor.com,vVc6NEGovYRS,doctor,True,2026-03-16 16:53:40,2023-01-26 03:00:00,2023-02-05 03:00:00
1_496,mona.badawy.496@hms.doctor.com,zA6SI5h4ibFX,doctor,True,2026-03-19 16:53:40,2023-10-25 01:00:00,2023-10-31 01:00:00
1_516,zainab.hassan@hms.nurse.com,NAE0V8GUEHst,nurse,True,2026-03-11 16:53:40,2023-09-02 17:00:00,2023-09-10 17:00:00
1_534,heba.soliman@hms.nurse.com,6jw2xAMS71CK,nurse,True,2026-03-14 16:53:40,2023-04-26 13:00:00,2023-04-27 13:00:00
1_554,basma.abdel-rahman@hms.nurse.com,ALuOdaEpoLJp,nurse,True,2026-03-19 16:53:40,2023-06-19 09:00:00,2023-07-13 09:00:00
1_571,amira.gad@hms.nurse.com,H2uqMXkwGpnO,nurse,True,2026-03-13 16:53:40,2023-12-09 20:00:00,2023-12-22 20:00:00
1_572,ehab.salem@hms.nurse.com,lRYlb7yIsOtd,nurse,True,2026-03-22 16:53:40,2023-07-15 23:00:00,2023-07-24 23:00:00
1_609,nada.hawas@hms.nurse.com,g4S4MpNHBrlg,nurse,True,2026-03-11 16:53:40,2023-05-15 20:00:00,2023-06-12 20:00:00
1_628,rawan.hanafy@hms.nurse.com,G2vObStfIumf,nurse,True,2026-03-24 16:53:40,2023-05-20 08:00:00,2023-06-19 08:00:00
1_645,sherif.kassab@hms.nurse.com,uF2CgqonYbRs,nurse,True,2026-03-19 16:53:40,2023-07-08 19:00:00,2023-07-11 19:00:00
1_648,mona.mahmoud@hms.nurse.com,treu2ednoaM8,nurse,True,2026-03-24 16:53:40,2023-07-21 17:00:00,2023-08-03 17:00:00
1_658,noor.rizk@hms.nurse.com,MwDXjVAIRKQF,nurse,True,2026-03-24 16:53:40,2023-02-25 11:00:00,2023-03-08 11:00:00
1_667,rawan.soliman@hms.nurse.com,he0ySKvahCDs,nurse,True,2026-03-14 16:53:40,2024-01-03 00:00:00,2024-01-17 00:00:00
1_681,mostafa.hassan@hms.nurse.com,XFBCKy48oLkP,nurse,True,2026-03-11 16:53:40,2024-01-03 04:00:00,2024-01-28 04:00:00
1_685,asmaa.ali@hms.nurse.com,jmu5jvbKU0RY,nurse,True,2026-03-16 16:53:40,2023-11-14 06:00:00,2023-12-11 06:00:00
1_709,khaled.bakr@hms.nurse.com,Zq42stl2uq4T,nurse,True,2026-03-13 16:53:40,2023-06-27 09:00:00,2023-07-24 09:00:00
1_724,ashraf.el-sayed@hms.nurse.com,KkQy2m9SENS7,nurse,True,2026-03-12 16:53:40,2023-09-26 03:00:00,2023-10-17 03:00:00
1_726,ali.mansour@hms.nurse.com,zk2we7eflpGN,nurse,True,2026-03-12 16:53:40,2023-01-21 12:00:00,2023-02-05 12:00:00
1_736,mohamed.bayoumi@hms.nurse.com,oRSAF0InFk1L,nurse,True,2026-03-11 16:53:40,2024-01-11 00:00:00,2024-02-03 00:00:00
1_771,heba.metwally@hms.nurse.com,vxYWZxV6zwfa,nurse,True,2026-03-17 16:53:40,2023-12-14 20:00:00,2024-01-03 20:00:00
1_789,rawan.soliman.789@hms.nurse.com,CPvqNlNfq9sz,nurse,True,2026-03-26 16:53:40,2023-05-12 08:00:00,2023-05-12 08:00:00
1_804,mariam.ramadan.804@hms.nurse.com,ATKwfWrRWdn7,nurse,True,2026-03-17 16:53:40,2023-03-01 07:00:00,2023-03-01 07:00:00
1_859,aya.metwally.859@hms.nurse.com,2J6pfBLaHQvF,nurse,True,2026-03-19 16:53:40,2023-01-04 01:00:00,2023-02-03 01:00:00
1_890,farah.metwally@hms.nurse.com,sOCZtxvdWC04,nurse,True,2026-03-22 16:53:40,2023-10-16 22:00:00,2023-10-28 22:00:00
1_910,walid.abdel-rahman@hms.nurse.com,Z9HRWIO90eQD,nurse,True,2026-03-18 16:53:40,2023-10-02 11:00:00,2023-10-28 11:00:00
1_917,shaimaa.kassab@hms.nurse.com,KWpvySTRRJBd,nurse,True,2026-03-25 16:53:40,2023-02-26 02:00:00,2023-03-18 02:00:00
1_920,hassan.bakr@hms.nurse.com,lSghPiTW2EMZ,nurse,True,2026-03-17 16:53:40,2023-11-25 17:00:00,2023-12-10 17:00:00
1_1006,dina.ibrahim@hms.nurse.com,bi3u7bGLy3sA,nurse,True,2026-03-11 16:53:40,2023-05-19 19:00:00,2023-06-16 19:00:00
1_1007,noor.moussa.1007@hms.nurse.com,5vnGcE3XpP7S,nurse,True,2026-03-22 16:53:40,2024-01-21 07:00:00,2024-02-19 07:00:00
1_1031,dina.ali.1031@hms.nurse.com,WMM0wZlh6vLB,nurse,True,2026-03-14 16:53:40,2023-04-15 23:00:00,2023-04-17 23:00:00
1_1050,mona.zaki@hms.nurse.com,FzDk0Fnkmutf,nurse,True,2026-03-13 16:53:40,2023-12-18 07:00:00,2023-12-30 07:00:00
1_1060,nagwa.ramadan.1060@hms.nurse.com,czE13pAjUDhN,nurse,True,2026-03-22 16:53:40,2023-06-09 10:00:00,2023-06-29 10:00:00
1_1120,omnia.el-sayed@hms.nurse.com,DlR2dkBJJ5Tb,nurse,True,2026-03-17 16:53:40,2023-04-04 12:00:00,2023-04-10 12:00:00
1_1121,basma.shaban.1121@hms.nurse.com,5SkoDfZyemCY,nurse,True,2026-03-18 16:53:40,2023-06-15 16:00:00,2023-06-15 16:00:00
1_1152,mostafa.el-sayed@hms.nurse.com,0x3FmmwMw9Gv,nurse,True,2026-03-11 16:53:40,2023-05-13 20:00:00,2023-05-22 20:00:00
1_1212,ibrahim.khalil@hms.nurse.com,pQDrrXPmGTfx,nurse,True,2026-03-14 16:53:40,2023-01-12 06:00:00,2023-01-20 06:00:00
1_1221,noha.ali@hms.nurse.com,v4xqkSaPYPZR,nurse,True,2026-03-21 16:53:40,2023-12-24 06:00:00,2024-01-12 06:00:00
1_1253,reem.mansour@hms.nurse.com,aQjiWPTRMp9n,nurse,True,2026-03-21 16:53:40,2023-07-31 07:00:00,2023-08-10 07:00:00
1_1256,aya.abdel-rahman@hms.nurse.com,4B08F3GeaM2A,nurse,True,2026-03-19 16:53:40,2023-10-24 13:00:00,2023-11-03 13:00:00
1_1271,sameh.ali.1271@hms.nurse.com,lqiXKI1ejVi1,nurse,True,2026-03-12 16:53:40,2023-10-25 08:00:00,2023-10-25 08:00:00
1_1281,mona.gad.1281@hms.nurse.com,ma8TeERkrplU,nurse,True,2026-03-24 16:53:40,2023-11-03 02:00:00,2023-11-28 02:00:00
1_1299,farah.moussa.1299@hms.nurse.com,Czn3pZimHtQh,nurse,True,2026-03-17 16:53:40,2023-05-22 22:00:00,2023-06-03 22:00:00
1_1448,sahar.khalil.1448@hms.nurse.com,6VqNLV4oXqN1,nurse,True,2026-03-26 16:53:40,2023-03-06 01:00:00,2023-03-25 01:00:00
1_1487,salma.fawzy@hms.nurse.com,a1aqSu80ght1,nurse,True,2026-03-11 16:53:40,2023-04-06 18:00:00,2023-04-22 18:00:00
1_1524,mariam.ali.1524@hms.nurse.com,IUXJi10HmIVy,nurse,True,2026-03-12 16:53:40,2023-04-20 10:00:00,2023-05-15 10:00:00
1_1551,amira.gomaa.1551@hms.nurse.com,U6sTeAMP0d7M,nurse,True,2026-03-19 16:53:40,2024-01-21 15:00:00,2024-02-08 15:00:00
1_1631,farah.hawas@hms.nurse.com,yGRZGWXfLLxo,nurse,True,2026-03-25 16:53:40,2024-01-08 11:00:00,2024-02-07 11:00:00
1_1660,noor.farid.1660@hms.nurse.com,CBS6b6zzSDKT,nurse,True,2026-03-19 16:53:40,2023-04-27 14:00:00,2023-05-08 14:00:00
1_1685,omar.hawas@hms.nurse.com,R1h51Vc8Dxnq,nurse,True,2026-03-19 16:53:40,2023-01-06 10:00:00,2023-01-31 10:00:00
1_1772,heba.amin.1772@hms.nurse.com,XeZpNbZgw2Fm,nurse,True,2026-03-13 16:53:40,2023-11-21 08:00:00,2023-11-23 08:00:00
1_1774,eman.rizk.1774@hms.nurse.com,XcEX6NeAJQQd,nurse,True,2026-03-11 16:53:40,2023-10-30 15:00:00,2023-11-21 15:00:00
1_1810,hussein.metwally.1810@hms.nurse.com,txtYOJVWsDGi,nurse,True,2026-03-26 16:53:40,2023-11-14 10:00:00,2023-11-20 10:00:00
1_1822,basma.moussa.1822@hms.nurse.com,O65e5PcLAW2A,nurse,True,2026-03-11 16:53:40,2023-06-09 10:00:00,2023-06-18 10:00:00
1_1866,may.kassab.1866@hms.nurse.com,tlSzY6aG2OBg,nurse,True,2026-03-15 16:53:40,2024-01-05 05:00:00,2024-01-05 05:00:00
1_1879,mona.soliman@hms.nurse.com,9pw0cFLknXgN,nurse,True,2026-03-20 16:53:40,2024-01-17 17:00:00,2024-01-26 17:00:00
1_1884,nada.hassan@hms.nurse.com,bDtmljFfnfnB,nurse,True,2026-03-16 16:53:40,2023-09-12 07:00:00,2023-09-12 07:00:00
1_1944,amira.farid@hms.nurse.com,Q72DaWfjmAro,nurse,True,2026-03-23 16:53:40,2023-12-23 07:00:00,2024-01-22 07:00:00
1_1953,kareem.khalil@hms.nurse.com,sGsnubpjpAsK,nurse,True,2026-03-12 16:53:40,2023-02-06 09:00:00,2023-03-07 09:00:00
1_1979,nada.ramadan.1979@hms.nurse.com,por7BUEgXtHH,nurse,True,2026-03-13 16:53:40,2023-11-24 10:00:00,2023-12-13 10:00:00
1_2001,farah.kamel@outlook.com,731KHRVuD9pa,patient,True,2026-03-01 16:53:40,2023-07-26 00:00:00,2023-08-19 00:00:00
1_2002,omar.hassan@yahoo.com,V2iESpiEmHVD,patient,True,2026-03-26 16:53:40,2023-05-03 00:00:00,2023-05-16 00:00:00
1_2003,sarah.shaheen@yahoo.com,YRGROcNdywhj,patient,True,2026-03-06 16:53:40,2023-09-03 00:00:00,2023-09-25 00:00:00
1_2004,wafaa.bayoumi@outlook.com,eYCLbiLcO2sn,patient,True,2026-03-21 16:53:40,2023-03-13 00:00:00,2023-03-29 00:00:00
1_2005,rawan.gomaa@yahoo.com,EhttDTdFa0bD,patient,True,2026-03-24 16:53:40,2023-05-28 00:00:00,2023-06-20 00:00:00
1_2006,shaimaa.ibrahim@gmail.com,VbmK8qbUtdz6,patient,True,2026-03-21 16:53:40,2023-01-07 00:00:00,2023-01-16 00:00:00
1_2007,hanan.moussa@yahoo.com,xNb5igZSKQe9,patient,True,2026-03-02 16:53:40,2023-08-17 00:00:00,2023-08-26 00:00:00
1_2008,omnia.metwally@outlook.com,d4QLpWGGHvpM,patient,True,2026-03-09 16:53:40,2023-10-17 00:00:00,2023-10-24 00:00:00
1_2009,zaki.taha@gmail.com,2cJFD8JgTaKh,patient,True,2026-03-09 16:53:40,2023-06-10 00:00:00,2023-07-05 00:00:00
1_2010,tamer.bakr@yahoo.com,EzQ0ZjQAXUie,patient,True,2026-03-18 16:53:40,2023-01-05 00:00:00,2023-01-29 00:00:00
1_2011,sahar.kamel@gmail.com,gYtTt0T2uSFA,patient,True,2026-03-22 16:53:40,2023-06-30 00:00:00,2023-07-16 00:00:00
1_2012,noor.khalil@yahoo.com,DyhpotlxCMtP,patient,True,2026-03-13 16:53:40,2023-07-14 00:00:00,2023-07-20 00:00:00
1_2013,omnia.osman@yahoo.com,WXiqtqyvxnvP,patient,True,2026-03-14 16:53:40,2023-12-18 00:00:00,2024-01-12 00:00:00
1_2014,anwar.hanafy@outlook.com,7zZfxbNqMdRq,patient,True,2026-02-24 16:53:40,2023-07-01 00:00:00,2023-07-20 00:00:00
1_2015,bassem.gaber@yahoo.com,HDfVnHXK57TY,patient,True,2026-03-20 16:53:40,2024-01-08 00:00:00,2024-01-09 00:00:00
1_2016,esraa.metwally@yahoo.com,61UjCYjYm92w,patient,True,2026-02-25 16:53:40,2023-01-19 00:00:00,2023-01-30 00:00:00
1_2017,youssef.ibrahim@outlook.com,TO32gLnrMACQ,patient,True,2026-02-27 16:53:40,2023-09-07 00:00:00,2023-09-13 00:00:00
1_2018,heba.mahmoud@yahoo.com,BMllu4SeEo7C,patient,True,2026-03-22 16:53:40,2023-08-29 00:00:00,2023-09-04 00:00:00
1_2019,basma.hegazy@gmail.com,nRj0Sabqvla5,patient,True,2026-03-24 16:53:40,2023-08-29 00:00:00,2023-09-05 00:00:00
1_2020,walid.bakr@yahoo.com,YFzClIrpJLzD,patient,True,2026-03-09 16:53:40,2023-06-11 00:00:00,2023-07-04 00:00:00
1_2021,asmaa.gaber@gmail.com,3zaqq0jPAQjk,patient,True,2026-03-08 16:53:40,2023-04-10 00:00:00,2023-04-14 00:00:00
1_2022,mariam.badr@gmail.com,saA1yomSXkas,patient,True,2026-03-11 16:53:40,2023-05-20 00:00:00,2023-06-06 00:00:00
1_2024,mariam.farahat@gmail.com,bq0yAMdqnKD8,patient,True,2026-03-15 16:53:40,2023-12-26 00:00:00,2024-01-09 00:00:00
1_2025,mona.hakim@outlook.com,mz31IXRZbOvZ,patient,True,2026-03-10 16:53:40,2023-10-22 00:00:00,2023-11-08 00:00:00
1_2026,saeed.farag@outlook.com,0x2mIKebvixW,patient,True,2026-03-26 16:53:40,2023-01-22 00:00:00,2023-02-20 00:00:00
1_2027,wafaa.kassab@outlook.com,AXx6ZXCwjw7w,patient,True,2026-03-09 16:53:40,2023-01-01 00:00:00,2023-01-29 00:00:00
1_2028,anwar.bayoumi@yahoo.com,o2CFUpCkCBpQ,patient,True,2026-03-17 16:53:40,2023-12-29 00:00:00,2024-01-06 00:00:00
1_2029,radwa.kassab@gmail.com,i6pCdYCG8x11,patient,True,2026-03-06 16:53:40,2023-08-15 00:00:00,2023-09-05 00:00:00
1_2030,maged.moussa@outlook.com,M62x1tRLgBO0,patient,True,2026-03-19 16:53:40,2024-01-03 00:00:00,2024-01-10 00:00:00
1_2031,fawzy.ali@outlook.com,ZT42F1C1oM9j,patient,True,2026-03-15 16:53:40,2023-05-26 00:00:00,2023-06-14 00:00:00
1_102001,admin@hms.com,adminpassword,admin,True,2026-03-26 16:53:43,2023-01-01 00:00:00,2023-01-01 00:00:00
